{"t":[1681124655],"o":[1.00000000],"h":[4.00000000],"l":[1.00000000],"c":[3.00000000],"v":[24.00000000],"s":"ok"}