{"bids":[[472.10000000,4.48800000],[472.00000000,136.20500000],[471.90000000,24.74000000],[471.80000000,37.76500000],[471.70000000,55.43400000],[471.60000000,33.94000000],[471.50000000,70.83700000],[471.40000000,108.41900000],[471.30000000,109.52500000],[471.20000000,98.96900000],[471.10000000,57.67800000],[471.00000000,26.77400000],[470.90000000,144.96900000],[470.80000000,81.84200000],[470.70000000,87.52400000],[470.60000000,71.42200000],[470.50000000,44.14200000],[470.40000000,80.84300000],[470.30000000,100.41500000],[470.20000000,17.48700000]],"asks":[[472.20000000,76.13600000],[472.30000000,95.26300000],[472.40000000,64.17200000],[472.50000000,84.22000000],[472.60000000,123.60800000],[472.70000000,59.16600000],[472.80000000,19.20800000],[472.90000000,13.14900000],[473.00000000,61.62500000],[473.10000000,52.34500000],[473.20000000,22.60800000],[473.30000000,7.13300000],[473.40000000,102.44000000],[473.50000000,29.33400000],[473.60000000,41.68400000],[473.70000000,4.55400000],[473.80000000,7.90500000],[473.90000000,25.61000000],[474.00000000,11.91300000],[474.10000000,25.52900000]],"isFrozen":"0","seq":1642493881}