{"bids":[[0.01126100,6.69600000],[0.01126000,30.21400000],[0.01125900,7.45500000],[0.01125800,14.99100000],[0.01125700,48.19000000],[0.01125600,10.66100000],[0.01125500,22.11200000],[0.01125400,30.95300000],[0.01125300,12.91000000],[0.01125200,9.37700000],[0.01125100,0.07000000],[0.01125000,35.92000000],[0.01124900,11.45800000],[0.01124800,14.98500000],[0.01124700,1.36800000],[0.01124600,0.72500000],[0.01124500,6.70200000],[0.01124400,21.65200000],[0.01124300,1.40200000],[0.01124200,0.02400000]],"asks":[[0.01126200,29.52700000],[0.01126300,7.58100000],[0.01126400,27.72200000],[0.01126500,0.11700000],[0.01126600,15.92700000],[0.01126700,13.55400000],[0.01126800,33.88600000],[0.01126900,28.65000000],[0.01127000,12.11100000],[0.01127100,18.69900000],[0.01127200,13.31800000],[0.01127300,11.37700000],[0.01127500,20.60300000],[0.01127600,0.85800000],[0.01127700,8.64000000],[0.01127800,4.13400000],[0.01127900,0.27900000],[0.01128000,46.36300000],[0.01128100,4.54000000],[0.01128200,14.99000000]],"isFrozen":"0","seq":1642493881}