{"bids":[[0.03234900,24.87700000],[0.03235000,50.00000000],[0.03235100,25.00000000],[0.03235200,0.13700000],[0.03235300,27.33100000],[0.03235400,4.00000000],[0.03235500,39.13800000],[0.03235700,10.17500000],[0.03235800,4.99000000],[0.03235900,1.00000000],[0.03236000,35.07400000],[0.03236100,14.70900000],[0.03236200,5.77700000],[0.03236300,60.78500000],[0.03236400,37.81400000],[0.03236500,47.69500000],[0.03236600,42.07000000],[0.03236700,1.50000000],[0.03236800,7.18200000],[0.03236900,21.40800000],[0.03237000,60.00000000],[0.03237100,4.02800000],[0.03237200,5.54100000],[0.03237300,45.48800000],[0.03237500,45.70600000],[0.03237600,11.39800000],[0.03237700,25.23400000],[0.03237800,1.00400000],[0.03237900,0.83200000],[0.03238000,60.00000000],[0.03238100,49.47400000],[0.03238200,1.00000000],[0.03238300,40.06400000],[0.03238400,5.71700000],[0.03238500,42.72100000],[0.03238600,5.66000000],[0.03238700,8.04500000],[0.03238800,19.53900000],[0.03238900,5.47100000],[0.03239000,90.00000000],[0.03239200,0.12800000],[0.03239300,52.87500000],[0.03239400,2.72100000],[0.03239500,40.00000000],[0.03239600,3.09800000],[0.03239700,0.02100000],[0.03239800,1.00000000],[0.03239900,106.63300000],[0.03240000,214.98600000],[0.03240300,29.13000000],[0.03240500,40.20600000],[0.03240600,78.57000000],[0.03240700,0.52600000],[0.03240800,1.00600000],[0.03240900,0.47700000],[0.03241000,61.13200000],[0.03241100,0.08400000],[0.03241300,40.29200000],[0.03241400,2.37000000],[0.03241500,40.00000000],[0.03241700,1.84700000],[0.03241800,13.36800000],[0.03242000,60.00600000],[0.03242300,40.00000000],[0.03242400,0.07700000],[0.03242500,40.00000000],[0.03242600,0.00400000],[0.03242700,0.02000000],[0.03242800,2.06400000],[0.03243000,60.65400000],[0.03243200,0.08600000],[0.03243300,40.00600000],[0.03243500,40.00000000],[0.03243600,0.03800000],[0.03243700,0.00400000],[0.03243800,1.29700000],[0.03244000,60.00000000],[0.03244100,0.01200000],[0.03244200,0.01500000],[0.03244300,40.00700000],[0.03244400,0.67900000],[0.03244500,40.00700000],[0.03244600,0.00600000],[0.03244700,0.00600000],[0.03244800,1.08500000],[0.03244900,78.31500000],[0.03245000,61.36500000],[0.03245100,0.16400000],[0.03245300,35.75600000],[0.03245400,0.02600000],[0.03245500,7.12900000],[0.03245700,30.03400000],[0.03245800,1.00600000],[0.03245900,6.69000000],[0.03246000,60.03700000],[0.03246100,0.07700000],[0.03246300,40.72200000],[0.03246400,0.02300000],[0.03246500,40.00000000],[0.03246800,1.01500000]],"asks":[[0.03234800,3.45900000],[0.03234700,17.65900000],[0.03234600,0.12300000],[0.03234500,0.10600000],[0.03234400,0.27600000],[0.03234300,40.00000000],[0.03234000,85.46400000],[0.03233900,6.50000000],[0.03233800,10.48200000],[0.03233700,4.00000000],[0.03233600,5.48000000],[0.03233500,0.20000000],[0.03233400,0.02500000],[0.03233300,53.51700000],[0.03233200,13.32900000],[0.03233100,1.40100000],[0.03233000,63.85800000],[0.03232800,3.06000000],[0.03232700,2.85500000],[0.03232600,13.48000000],[0.03232500,41.00000000],[0.03232400,7.49100000],[0.03232300,102.24300000],[0.03232000,42.88700000],[0.03231900,0.20200000],[0.03231800,5.28100000],[0.03231700,34.79300000],[0.03231500,41.42900000],[0.03231400,15.68300000],[0.03231300,41.77000000],[0.03231200,2.72000000],[0.03231100,0.08800000],[0.03231000,116.77300000],[0.03230800,12.34500000],[0.03230600,1.02200000],[0.03230500,0.02200000],[0.03230300,10.21300000],[0.03230000,90.23900000],[0.03229900,0.00500000],[0.03229800,1.00000000],[0.03229700,42.85000000],[0.03229600,0.00400000],[0.03229200,0.04000000],[0.03229100,60.00000000],[0.03228700,40.00000000],[0.03228600,1.03500000],[0.03228500,32.15000000],[0.03228400,0.03000000],[0.03228300,0.01300000],[0.03228200,127.72200000],[0.03228100,60.00000000],[0.03227900,0.01400000],[0.03227800,0.01200000],[0.03227700,40.00000000],[0.03227600,40.00600000],[0.03227500,0.22400000],[0.03227400,2.00000000],[0.03227300,0.00700000],[0.03227200,0.04700000],[0.03227100,60.01200000],[0.03227000,0.11200000],[0.03226800,48.00000000],[0.03226700,41.00000000],[0.03226600,40.00000000],[0.03226500,1.81600000],[0.03226300,0.02800000],[0.03226100,60.00000000],[0.03226000,1.04000000],[0.03225900,0.05600000],[0.03225800,1.00000000],[0.03225700,40.00700000],[0.03225600,40.16000000],[0.03225500,150.00000000],[0.03225300,0.00600000],[0.03225200,0.00500000],[0.03225100,7.70800000],[0.03225000,43.42500000],[0.03224800,66.00800000],[0.03224700,51.90000000],[0.03224600,40.00600000],[0.03224500,87.04000000],[0.03224400,6.69000000],[0.03224100,60.00000000],[0.03224000,0.60000000],[0.03223900,0.30700000],[0.03223800,0.00800000],[0.03223700,40.00000000],[0.03223600,40.00400000],[0.03223500,0.04100000],[0.03223400,0.01100000],[0.03223300,2.89700000],[0.03223200,0.01300000],[0.03223100,60.00600000],[0.03223000,1.03500000],[0.03222900,30.01000000],[0.03222800,0.01500000],[0.03222700,40.02100000],[0.03222600,70.04900000],[0.03222500,0.09700000],[0.03222400,0.05000000]],"isFrozen":"0","seq":1602844373}