{"bids":[[48302.66000000,0.41247000],[48301.35000000,0.03105000],[48301.34000000,0.00103000],[48300.58000000,0.00390000],[48299.20000000,0.11877000],[48299.19000000,0.29999000],[48298.85000000,0.03929000],[48295.54000000,1.38635000],[48295.52000000,1.38635000],[48295.48000000,0.04100000],[48293.96000000,0.04776000],[48292.89000000,0.02000000],[48291.68000000,0.25000000],[48290.78000000,0.05176000],[48290.40000000,0.20000000],[48290.37000000,0.10349000],[48289.46000000,0.00515000],[48289.20000000,0.05000000],[48288.27000000,0.01757000],[48287.34000000,0.12410000]],"asks":[[48302.67000000,0.00314000],[48302.68000000,0.15425000],[48303.33000000,0.00390000],[48303.99000000,0.00303000],[48306.35000000,0.12141000],[48306.93000000,0.02746000],[48309.30000000,0.12789000],[48309.31000000,0.10000000],[48311.04000000,0.01602000],[48311.05000000,0.00149000],[48311.86000000,0.00415000],[48311.87000000,0.16175000],[48311.92000000,0.00030000],[48312.05000000,0.05000000],[48312.13000000,0.00050000],[48312.41000000,0.30000000],[48312.66000000,0.01000000],[48312.75000000,0.29875000],[48312.98000000,0.12652000],[48312.99000000,0.29999000]],"isFrozen":"0","seq":1640946007}