{"bids":[[41919.76000000,0.02618000],[41916.65000000,0.00028000],[41915.52000000,0.00025000],[41915.19000000,0.01193000],[41915.18000000,0.00134000],[41914.40000000,0.00046000],[41913.84000000,0.03580000],[41913.77000000,0.30046000],[41913.76000000,0.08766000],[41913.75000000,0.05103000],[41913.39000000,0.08000000],[41912.10000000,0.00046000],[41910.85000000,0.81105000],[41910.83000000,0.99097000],[41910.31000000,0.05500000],[41910.12000000,0.74900000],[41909.95000000,0.00046000],[41909.19000000,0.08205000],[41908.83000000,0.02000000],[41908.29000000,0.54465000]],"asks":[[41919.77000000,0.59162000],[41921.57000000,0.03275000],[41922.10000000,0.05963000],[41922.52000000,0.11418000],[41922.53000000,0.06300000],[41922.69000000,0.32000000],[41923.71000000,0.11137000],[41924.37000000,0.18500000],[41926.73000000,0.33545000],[41926.74000000,0.23392000],[41927.08000000,0.22999000],[41927.10000000,0.09284000],[41927.56000000,0.40000000],[41928.32000000,0.92817000],[41928.58000000,1.32883000],[41928.59000000,1.85000000],[41928.60000000,0.40000000],[41929.29000000,0.91426000],[41929.30000000,0.00046000],[41930.54000000,0.11924000]],"isFrozen":"0","seq":1642493882}