{"bids":[[0.16930000,417157.00000000],[0.16920000,563957.00000000],[0.16910000,476678.00000000],[0.16900000,338235.00000000],[0.16890000,1063209.00000000],[0.16880000,509311.00000000],[0.16870000,611483.00000000],[0.16860000,416761.00000000],[0.16850000,196406.00000000],[0.16840000,371247.00000000],[0.16830000,921888.00000000],[0.16820000,726141.00000000],[0.16810000,351887.00000000],[0.16800000,247844.00000000],[0.16790000,148018.00000000],[0.16780000,30311.00000000],[0.16770000,347367.00000000],[0.16760000,60645.00000000],[0.16750000,306968.00000000],[0.16740000,326998.00000000]],"asks":[[0.16940000,37007.00000000],[0.16950000,367832.00000000],[0.16960000,552564.00000000],[0.16970000,567708.00000000],[0.16980000,413346.00000000],[0.16990000,698888.00000000],[0.17000000,247601.00000000],[0.17010000,139161.00000000],[0.17020000,118338.00000000],[0.17030000,109714.00000000],[0.17040000,817449.00000000],[0.17050000,287976.00000000],[0.17060000,1761.00000000],[0.17070000,238410.00000000],[0.17080000,3766.00000000],[0.17090000,633084.00000000],[0.17100000,192326.00000000],[0.17110000,120179.00000000],[0.17120000,20490.00000000],[0.17130000,129117.00000000]],"isFrozen":"0","seq":1642493883}