{"bids":[[0.00000404,320989.00000000],[0.00000403,897259.00000000],[0.00000402,876094.00000000],[0.00000401,488652.00000000],[0.00000400,787157.00000000],[0.00000399,259311.00000000],[0.00000398,404191.00000000],[0.00000397,319555.00000000],[0.00000396,325214.00000000],[0.00000395,262587.00000000],[0.00000394,448298.00000000],[0.00000393,602461.00000000],[0.00000392,433751.00000000],[0.00000391,254391.00000000],[0.00000390,635996.00000000],[0.00000389,235134.00000000],[0.00000388,827653.00000000],[0.00000387,284049.00000000],[0.00000386,286986.00000000],[0.00000385,55804.00000000]],"asks":[[0.00000405,655066.00000000],[0.00000406,499232.00000000],[0.00000407,529333.00000000],[0.00000408,572931.00000000],[0.00000409,194193.00000000],[0.00000410,360539.00000000],[0.00000411,603973.00000000],[0.00000412,204286.00000000],[0.00000413,914555.00000000],[0.00000414,336997.00000000],[0.00000415,391987.00000000],[0.00000416,379396.00000000],[0.00000417,347095.00000000],[0.00000418,474074.00000000],[0.00000419,470240.00000000],[0.00000420,50033.00000000],[0.00000421,47123.00000000],[0.00000422,125268.00000000],[0.00000423,45660.00000000],[0.00000424,38694.00000000]],"isFrozen":"0","seq":1642493884}