{"bids":[[3174.87000000,0.33750000],[3174.86000000,0.71000000],[3174.81000000,0.43200000],[3174.76000000,4.16220000],[3174.75000000,0.38580000],[3174.74000000,0.50000000],[3174.69000000,0.40000000],[3174.66000000,0.03180000],[3174.64000000,0.06290000],[3174.62000000,0.40000000],[3174.60000000,0.00320000],[3174.57000000,1.72270000],[3174.51000000,0.40200000],[3174.50000000,0.34070000],[3174.49000000,0.37620000],[3174.48000000,0.47760000],[3174.46000000,0.40000000],[3174.45000000,5.65830000],[3174.44000000,0.71000000],[3174.41000000,0.00590000]],"asks":[[3175.00000000,0.04540000],[3175.01000000,2.72720000],[3175.18000000,0.79940000],[3175.22000000,0.71000000],[3175.28000000,1.03260000],[3175.29000000,3.55000000],[3175.47000000,0.29350000],[3175.54000000,0.71000000],[3175.67000000,0.41800000],[3175.78000000,0.00430000],[3175.83000000,1.50000000],[3175.87000000,1.19170000],[3175.88000000,7.89550000],[3175.92000000,1.38020000],[3175.94000000,0.64000000],[3175.96000000,0.64000000],[3176.06000000,0.62990000],[3176.17000000,1.82800000],[3176.18000000,1.20600000],[3176.24000000,0.71000000]],"isFrozen":"0","seq":1642493882}