{"bids":[[0.07853000,0.83100000],[0.07853100,1.35280000],[0.07853200,1.02170000],[0.07853300,3.64920000],[0.07853400,3.50000000],[0.07854500,2.17920000],[0.07854900,1.00000000],[0.07855000,0.12300000],[0.07855100,0.26930000],[0.07855300,0.01300000],[0.07855500,1.33780000],[0.07855600,3.82120000],[0.07855700,3.32700000],[0.07855800,5.91980000],[0.07856900,6.73940000],[0.07857000,8.24310000],[0.07857100,2.41590000],[0.07857300,0.02280000],[0.07857900,0.11000000],[0.07858600,1.71990000]],"asks":[[0.07852200,0.61580000],[0.07852100,1.35280000],[0.07852000,2.05140000],[0.07851800,0.91020000],[0.07851400,1.14760000],[0.07851300,0.26910000],[0.07851200,1.80000000],[0.07851000,0.12420000],[0.07850800,3.48090000],[0.07850700,0.96410000],[0.07850500,1.80000000],[0.07850200,3.89820000],[0.07850100,7.98420000],[0.07850000,1.76550000],[0.07849900,1.34960000],[0.07849800,4.24240000],[0.07849700,0.67280000],[0.07849500,0.27870000],[0.07849100,0.22320000],[0.07848700,2.45590000]],"isFrozen":"0","seq":1640946006}