{"bids":[[0.08417800,1.45000000],[0.08418100,1.10630000],[0.08419300,0.31160000],[0.08419400,1.11840000],[0.08419700,0.47300000],[0.08419800,1.35000000],[0.08420200,0.47320000],[0.08420300,1.35000000],[0.08420500,1.68510000],[0.08420600,1.06260000],[0.08420700,1.35000000],[0.08421200,1.87600000],[0.08421700,1.57560000],[0.08421800,4.50000000],[0.08422400,1.24780000],[0.08422500,1.78170000],[0.08422600,1.78170000],[0.08422800,1.35000000],[0.08422900,1.35000000],[0.08423000,2.03290000]],"asks":[[0.08417100,2.98620000],[0.08417000,1.89030000],[0.08416900,1.45000000],[0.08416700,0.99690000],[0.08416600,2.85000000],[0.08416500,0.11870000],[0.08416400,8.04670000],[0.08416300,0.00200000],[0.08416100,0.00280000],[0.08416000,0.11020000],[0.08415900,0.04150000],[0.08415700,0.00480000],[0.08415500,0.00390000],[0.08415400,1.68750000],[0.08415300,0.25380000],[0.08415100,0.01180000],[0.08415000,0.27000000],[0.08414800,4.16220000],[0.08414700,5.20530000],[0.08414500,1.27380000]],"isFrozen":"0","seq":1639841376}