{"bids":[[0.06865000,41000.00000000],[0.06864000,166122.00000000],[0.06863000,118460.20000000],[0.06862000,163415.80000000],[0.06861000,19881.00000000],[0.06860000,187069.80000000],[0.06859000,49706.60000000],[0.06858000,224619.00000000],[0.06857000,49432.10000000],[0.06856000,60080.00000000],[0.06855000,92867.00000000],[0.06854000,150583.30000000],[0.06853000,135557.00000000],[0.06852000,62924.80000000],[0.06851000,162682.50000000],[0.06850000,240444.20000000],[0.06849000,315781.10000000],[0.06848000,37244.40000000],[0.06847000,377452.10000000],[0.06846000,532129.00000000]],"asks":[[0.06866000,25320.90000000],[0.06867000,63124.70000000],[0.06868000,160428.80000000],[0.06869000,299177.20000000],[0.06870000,107465.60000000],[0.06871000,310841.30000000],[0.06872000,130684.90000000],[0.06873000,6000.00000000],[0.06874000,169947.10000000],[0.06875000,172432.20000000],[0.06876000,287316.30000000],[0.06877000,271432.60000000],[0.06878000,210627.30000000],[0.06879000,185500.00000000],[0.06880000,81644.20000000],[0.06881000,271411.20000000],[0.06882000,489144.50000000],[0.06883000,394832.10000000],[0.06884000,62146.30000000],[0.06885000,72602.70000000]],"isFrozen":"0","seq":1642493883}